Tetranuc,max_abs_weight,regions_top_abs_weight,n_top_abs_weight_ties,max_abs_corr,regions_top_abs_corr,n_top_abs_corr_ties,any_match,strict_equal
AAGC,182.356524876137,exon,1,0.313760364758916,exon,1,TRUE,TRUE
ATGG,331.528078892802,upstream2,1,0.513651621012864,upstream2,1,TRUE,TRUE
CAGT,308.055431322856,downstream2,1,0.635523372092583,downstream2,1,TRUE,TRUE
CGCG,100.633854553109,intron,1,0.389045421324441,intron,1,TRUE,TRUE
GAAC,241.404531359402,intron,1,0.241649203359901,intron,1,TRUE,TRUE
GACA,69.8861654221327,downstream2,1,0.500164943633678,downstream2,1,TRUE,TRUE
GATG,166.339956950534,upstream2,1,0.449360258064933,upstream2,1,TRUE,TRUE
GGTA,124.872738649335,upstream2,1,0.383072360858713,upstream2,1,TRUE,TRUE
GTTA,141.275223967464,intron,1,0.32032299538988,intron,1,TRUE,TRUE
TAGG,69.5260728609197,upstream2,1,0.255008657717418,upstream2,1,TRUE,TRUE
TCAA,187.575648599042,exon,1,0.430881221668335,exon,1,TRUE,TRUE
TGCA,73.4228205708906,intron,1,0.460964459552917,downstream2,1,FALSE,FALSE
TGGT,61.4905912282092,upstream2,1,0.42489645509702,upstream2,1,TRUE,TRUE
TTCT,23.289234431812,upstream2,1,0.149747218404262,upstream2,1,TRUE,TRUE
