threshold,total_features,n_tetranuc,n_any_match,n_strict_equal,prop_any_match,prop_strict_equal
0.5,15,14,13,13,0.9285714285714286,0.9285714285714286
0.3,28,26,25,25,0.9615384615384616,0.9615384615384616
0.1,77,63,57,57,0.9047619047619048,0.9047619047619048
0,520,218,139,139,0.6376146788990825,0.6376146788990825
