"n_species","slope","mse","mae","mean_error","Max_Known_Lifespan","Min_Known_Lifespan","Max_minus_Min_Known_Lifespan"
469,0.549458718325906,1.12870474129645,0.830700932836336,-0.0176746366848498,5.52146091786221,-3.50200208078412,9.02346299864633
