"","Sum Sq","Df","F value","Pr(>F)"
"Level",1.02426024383148,5,0.878136106697852,0.497717360402438
"Max_minus_Min_Known_Lifespan",1.55213969361878,1,6.65353320024906,0.0109822058338693
"Residuals",31.0263093364545,133,NA,NA
