Region,r,p,FDR_adjusted_p
Downstream,0.5384195966656776,0.002145297514141093,0.010726487570705465
Exon,0.06641816408631357,0.7273034374415204,0.7273034374415204
Genome,-0.22292174361500985,0.2363803304812208,0.3939672174687014
Intron,0.10721601770940468,0.5728065559238802,0.7160081949048502
Upstream,0.408779872946788,0.024906134402962046,0.062265336007405116
