Dataset,n,Mean_Abs_Error_years,Median_Abs_Error_years,Mean_Rel_Error_pct_log_units,Median_Rel_Error_pct_log_units
Train,330,5.639050908984966,0.9856692361356392,14.786585004376448,10.020564379769976
Test,139,4.280538753283945,0.9696589671542228,14.883044360131152,9.59359338177063
