Region,Positive_Weight_Sum,Negative_Weight_Sum
Downstream,657.119493760823,-100.49559469208272
Exon,121.02609427525861,-533.5500181087003
Genome,305.3229241055128,-143.04292525375922
Intron,271.6544801231915,-569.3044625613065
Upstream,1112.1126044567598,-168.16796627132882
