Dataset,n,Mean_Abs_Error_years,Median_Abs_Error_years,Mean_Rel_Error_pct_log_units,Median_Rel_Error_pct_log_units
Ecdysozoa (Train),229,2.4757514037334305,0.4618029110933253,18.443196700378596,14.067692854785815
Spiralia (Test),240,9.007494252845655,1.9842146453280898,14.582342096578678,11.390946189424593
