Set,Delta_R2_added_last
T,0.03212362918303191
M,-0.0008812076669963975
P,0.010187131859901277
G,0.0006102432241648081
